{
  "images" : [
    {
      "idiom" : "universal",
      "filename" : "Custom_Would you like to set a tempo for your workout_.png",
      "scale" : "1x"
    },
    {
      "idiom" : "universal",
      "filename" : "Custom_Would you like to set a tempo for your workout_@2x.png",
      "scale" : "2x"
    },
    {
      "idiom" : "universal",
      "filename" : "Custom_Would you like to set a tempo for your workout_@3x.png",
      "scale" : "3x"
    }
  ],
  "info" : {
    "version" : 1,
    "author" : "xcode"
  }
}