{
  "images" : [
    {
      "idiom" : "universal",
      "filename" : "Custom_Select body part and exercise with starting weight and number o.png",
      "scale" : "1x"
    },
    {
      "idiom" : "universal",
      "filename" : "Custom_Select body part and exercise with starting weight and number o@2x.png",
      "scale" : "2x"
    },
    {
      "idiom" : "universal",
      "filename" : "Custom_Select body part and exercise with starting weight and number o@3x.png",
      "scale" : "3x"
    }
  ],
  "info" : {
    "version" : 1,
    "author" : "xcode"
  }
}